Name,Surname,Number
Nathan,Osmond,7-645-816-7487
Rhea,Evans,0-560-302-5624
Liv,Owen,0-462-803-5435
Rufus,Lynn,1-811-188-5861
Crystal,Patel,0-114-166-0146
Chuck,Poole,1-346-473-6022
Henry,Yang,4-015-715-2105
Owen,Ralph,7-641-043-5137
Kurt,Lewis,0-820-524-0311
Candace,Callan,1-306-128-3700
Miley,Clayton,7-664-321-2741
Owen,Hunter,3-202-544-7301
Denny,Graham,0-200-251-5353
Abdul,Lambert,4-457-520-5868
Havana,Bennett,3-637-842-4400
Rufus,Davies,7-480-652-7328
Owen,Woodcock,2-215-111-6146
Rick,Roberts,0-575-627-4788
Carina,Amstead,2-187-762-1847
Michael,Webster,2-333-027-7433
Johnathan,Collingwood,3-163-453-0584
Danny,Harvey,6-363-662-3557
Matthew,Griffiths,6-434-046-6737
Phillip,Murphy,7-481-581-1584
Chad,Stevens,5-050-883-0487
Roger,Parker,4-257-014-1656
Dalia,Stark,7-380-060-6768
Angelina,Stewart,8-834-715-3358
Elise,Addison,3-821-572-0060
Iris,Coll,4-883-371-6228
Rosalee,Woodcock,0-217-242-7370
Camila,Eyres,7-534-267-4658
Nate,Wright,6-013-770-6520
George,Lane,4-024-228-6838
Owen,Morgan,4-485-151-3650
Candace,Price,8-137-118-6333
Anne,Horton,0-645-132-0241
Rufus,Rainford,3-535-376-7010
Tiffany,Dempsey,1-411-812-8145
Paula,Wilson,7-852-572-6075
Sebastian,Smith,6-345-737-7200
Ema,Richards,3-808-078-1477
Amelia,Parsons,4-340-801-7085
Charlotte,Noach,5-423-873-0757
Penny,Higgs,7-570-732-8583
Elijah,Fisher,8-034-685-8547
Gloria,Wilton,4-714-558-3055
Mason,Fenton,8-281-661-6226
William,Lambert,0-312-283-6671
Owen,Cameron,0-788-280-2468
Camden,Ring,5-762-512-6333
Hank,Pope,4-180-156-4360
Sienna,Fowler,8-428-650-8188
Jayden,Middleton,3-555-667-3672
Percy,Alldridge,4-814-247-8038
Ethan,Cowan,0-005-330-6142
Kieth,Robinson,6-361-483-1641
Kaylee,Reading,4-151-512-6651
Payton,Hall,6-512-421-6671
Wade,Harvey,2-535-751-0814
Alan,Grady,5-106-853-0282
Sloane,Rowe,4-703-844-1258
Destiny,Gunn,6-075-810-4632
Julianna,Larsen,2-324-234-1107
Bob,Griffiths,7-375-053-1152
Rocco,Jarrett,0-512-027-7330
Daria,Ingham,8-662-556-3565
Courtney,Terry,2-512-451-4856
Owen,Rodgers,0-447-382-3704
Leroy,Collins,0-361-464-6176
Johnny,Richards,7-143-852-1164
Alexander,Widdows,6-162-244-4747
Rufus,Swan,2-516-574-5403
Jaylene,Clayton,2-865-850-8033
Eduardo,Edwards,3-858-107-4562
Lucas,Glass,5-686-152-7710
Jayden,Jackson,5-627-812-4433
Roger,Button,3-838-183-3465
Bart,Speed,1-382-648-8440
Harvey,Milner,1-528-454-7716
Adalie,Mullins,2-525-163-1315
Jules,Murphy,4-778-121-8357
Roger,Mcgregor,4-743-466-7240
Mayleen,Moore,1-038-702-8271
Angela,Richardson,1-566-585-5610
Joseph,Trent,5-388-516-3285
Tyler,Hopkins,4-618-635-5624
Molly,Rossi,2-177-252-8710
George,Norris,2-714-800-0812
Makenzie,Benson,5-548-710-1066
Alan,Shaw,7-878-763-8186
Logan,Tennant,1-658-523-2618
Kurt,Dwyer,7-374-732-8235
Goldie,Wilde,3-414-578-2177
Barry,Speed,2-683-820-7124
Aileen,Pitt,4-222-667-2047
Chester,Mccormick,2-868-166-4313
Gemma,Gosling,2-783-767-7442
Julian,Emmett,6-358-054-2458
Nick,Lunt,7-182-120-1431

